"filename", "language", "JSON", "TypeScript", "JavaScript", "HTML", "SCSS", "JSON with Comments", "vue", "Markdown", "XML", "CSS", "comment", "blank", "total"
"e:\01-Codes\HBuilderProjects\PawPrint Diaries\App.vue", "vue", 0, 0, 0, 0, 0, 0, 27, 0, 0, 0, 0, 5, 32
"e:\01-Codes\HBuilderProjects\PawPrint Diaries\README.MD", "Markdown", 0, 0, 0, 0, 0, 0, 0, 67, 0, 0, 0, 7, 74
"e:\01-Codes\HBuilderProjects\PawPrint Diaries\components\BottomNav.vue", "vue", 0, 0, 0, 0, 0, 0, 1, 0, 0, 0, 55, 1, 57
"e:\01-Codes\HBuilderProjects\PawPrint Diaries\components\MyChartComponent.vue", "vue", 0, 0, 0, 0, 0, 0, 0, 0, 0, 0, 85, 1, 86
"e:\01-Codes\HBuilderProjects\PawPrint Diaries\index.html", "HTML", 0, 0, 0, 19, 0, 0, 0, 0, 0, 0, 3, 1, 23
"e:\01-Codes\HBuilderProjects\PawPrint Diaries\main.js", "JavaScript", 0, 0, 11, 0, 0, 0, 0, 0, 0, 0, 7, 6, 24
"e:\01-Codes\HBuilderProjects\PawPrint Diaries\main.ts", "TypeScript", 0, 0, 0, 0, 0, 0, 0, 0, 0, 0, 8, 1, 9
"e:\01-Codes\HBuilderProjects\PawPrint Diaries\manifest.json", "JSON", 99, 0, 0, 0, 0, 0, 0, 0, 0, 0, 9, 1, 109
"e:\01-Codes\HBuilderProjects\PawPrint Diaries\package-lock.json", "JSON", 11210, 0, 0, 0, 0, 0, 0, 0, 0, 0, 0, 1, 11211
"e:\01-Codes\HBuilderProjects\PawPrint Diaries\package.json", "JSON", 48, 0, 0, 0, 0, 0, 0, 0, 0, 0, 0, 1, 49
"e:\01-Codes\HBuilderProjects\PawPrint Diaries\pages.json", "JSON", 183, 0, 0, 0, 0, 0, 0, 0, 0, 0, 10, 2, 195
"e:\01-Codes\HBuilderProjects\PawPrint Diaries\pages\About.vue", "vue", 0, 0, 0, 0, 0, 0, 300, 0, 0, 0, 4, 48, 352
"e:\01-Codes\HBuilderProjects\PawPrint Diaries\pages\Card.vue", "vue", 0, 0, 0, 0, 0, 0, 2896, 0, 0, 0, 27, 306, 3229
"e:\01-Codes\HBuilderProjects\PawPrint Diaries\pages\CatClaw.vue", "vue", 0, 0, 0, 0, 0, 0, 2541, 0, 0, 0, 28, 280, 2849
"e:\01-Codes\HBuilderProjects\PawPrint Diaries\pages\CatManage.vue", "vue", 0, 0, 0, 0, 0, 0, 275, 0, 0, 0, 4, 40, 319
"e:\01-Codes\HBuilderProjects\PawPrint Diaries\pages\CommentReview.vue", "vue", 0, 0, 0, 0, 0, 0, 352, 0, 0, 0, 3, 50, 405
"e:\01-Codes\HBuilderProjects\PawPrint Diaries\pages\Home.vue", "vue", 0, 0, 0, 0, 0, 0, 797, 0, 0, 0, 7, 94, 898
"e:\01-Codes\HBuilderProjects\PawPrint Diaries\pages\Map.vue", "vue", 0, 0, 0, 0, 0, 0, 2431, 0, 0, 0, 29, 279, 2739
"e:\01-Codes\HBuilderProjects\PawPrint Diaries\pages\ModifyCatInfo.vue", "vue", 0, 0, 0, 0, 0, 0, 21, 0, 0, 0, 3, 4, 28
"e:\01-Codes\HBuilderProjects\PawPrint Diaries\pages\My.vue", "vue", 0, 0, 0, 0, 0, 0, 533, 0, 0, 0, 30, 68, 631
"e:\01-Codes\HBuilderProjects\PawPrint Diaries\pages\Post.vue", "vue", 0, 0, 0, 0, 0, 0, 1424, 0, 0, 0, 18, 173, 1615
"e:\01-Codes\HBuilderProjects\PawPrint Diaries\pages\PostReview.vue", "vue", 0, 0, 0, 0, 0, 0, 385, 0, 0, 0, 8, 47, 440
"e:\01-Codes\HBuilderProjects\PawPrint Diaries\pages\Search.vue", "vue", 0, 0, 0, 0, 0, 0, 389, 0, 0, 0, 6, 52, 447
"e:\01-Codes\HBuilderProjects\PawPrint Diaries\pages\SearchResultPage.vue", "vue", 0, 0, 0, 0, 0, 0, 393, 0, 0, 0, 5, 52, 450
"e:\01-Codes\HBuilderProjects\PawPrint Diaries\pages\SendPost.vue", "vue", 0, 0, 0, 0, 0, 0, 440, 0, 0, 0, 5, 57, 502
"e:\01-Codes\HBuilderProjects\PawPrint Diaries\pages\UserEdit.vue", "vue", 0, 0, 0, 0, 0, 0, 730, 0, 0, 0, 10, 92, 832
"e:\01-Codes\HBuilderProjects\PawPrint Diaries\pages\UserManage.vue", "vue", 0, 0, 0, 0, 0, 0, 314, 0, 0, 0, 4, 38, 356
"e:\01-Codes\HBuilderProjects\PawPrint Diaries\pages\catEdit.vue", "vue", 0, 0, 0, 0, 0, 0, 761, 0, 0, 0, 7, 69, 837
"e:\01-Codes\HBuilderProjects\PawPrint Diaries\pages\login.vue", "vue", 0, 0, 0, 0, 0, 0, 363, 0, 0, 0, 2, 54, 419
"e:\01-Codes\HBuilderProjects\PawPrint Diaries\pages\register.vue", "vue", 0, 0, 0, 0, 0, 0, 265, 0, 0, 0, 0, 35, 300
"e:\01-Codes\HBuilderProjects\PawPrint Diaries\pages\test.vue", "vue", 0, 0, 0, 0, 0, 0, 1488, 0, 0, 0, 30, 164, 1682
"e:\01-Codes\HBuilderProjects\PawPrint Diaries\router\index.js", "JavaScript", 0, 0, 0, 0, 0, 0, 0, 0, 0, 0, 17, 4, 21
"e:\01-Codes\HBuilderProjects\PawPrint Diaries\src\api\cat.js", "JavaScript", 0, 0, 141, 0, 0, 0, 0, 0, 0, 0, 5, 7, 153
"e:\01-Codes\HBuilderProjects\PawPrint Diaries\src\api\comment.js", "JavaScript", 0, 0, 78, 0, 0, 0, 0, 0, 0, 0, 7, 3, 88
"e:\01-Codes\HBuilderProjects\PawPrint Diaries\src\api\fund.js", "JavaScript", 0, 0, 36, 0, 0, 0, 0, 0, 0, 0, 3, 3, 42
"e:\01-Codes\HBuilderProjects\PawPrint Diaries\src\api\post.js", "JavaScript", 0, 0, 94, 0, 0, 0, 0, 0, 0, 0, 9, 6, 109
"e:\01-Codes\HBuilderProjects\PawPrint Diaries\src\api\search.js", "JavaScript", 0, 0, 36, 0, 0, 0, 0, 0, 0, 0, 2, 1, 39
"e:\01-Codes\HBuilderProjects\PawPrint Diaries\src\api\user.js", "JavaScript", 0, 0, 32, 0, 0, 0, 0, 0, 0, 0, 3, 2, 37
"e:\01-Codes\HBuilderProjects\PawPrint Diaries\src\components\common\NavBar.vue", "vue", 0, 0, 0, 0, 0, 0, 70, 0, 0, 0, 0, 8, 78
"e:\01-Codes\HBuilderProjects\PawPrint Diaries\src\components\common\NavBar1001.vue", "vue", 0, 0, 0, 0, 0, 0, 120, 0, 0, 0, 8, 15, 143
"e:\01-Codes\HBuilderProjects\PawPrint Diaries\src\config\index.js", "JavaScript", 0, 0, 27, 0, 0, 0, 0, 0, 0, 0, 17, 4, 48
"e:\01-Codes\HBuilderProjects\PawPrint Diaries\src\constant\constant.js", "JavaScript", 0, 0, 8, 0, 0, 0, 0, 0, 0, 0, 3, 3, 14
"e:\01-Codes\HBuilderProjects\PawPrint Diaries\src\utils\request.js", "JavaScript", 0, 0, 64, 0, 0, 0, 0, 0, 0, 0, 5, 7, 76
"e:\01-Codes\HBuilderProjects\PawPrint Diaries\src\utils\system.js", "JavaScript", 0, 0, 144, 0, 0, 0, 0, 0, 0, 0, 24, 15, 183
"e:\01-Codes\HBuilderProjects\PawPrint Diaries\src\utils\toast.js", "JavaScript", 0, 0, 15, 0, 0, 0, 0, 0, 0, 0, 10, 1, 26
"e:\01-Codes\HBuilderProjects\PawPrint Diaries\static\arrow.svg", "XML", 0, 0, 0, 0, 0, 0, 0, 0, 1, 0, 0, 0, 1
"e:\01-Codes\HBuilderProjects\PawPrint Diaries\static\cat-copy.svg", "XML", 0, 0, 0, 0, 0, 0, 0, 0, 1, 0, 0, 0, 1
"e:\01-Codes\HBuilderProjects\PawPrint Diaries\static\cat16.svg", "XML", 0, 0, 0, 0, 0, 0, 0, 0, 1, 0, 0, 0, 1
"e:\01-Codes\HBuilderProjects\PawPrint Diaries\static\cat32.svg", "XML", 0, 0, 0, 0, 0, 0, 0, 0, 1, 0, 0, 0, 1
"e:\01-Codes\HBuilderProjects\PawPrint Diaries\static\home-active.svg", "XML", 0, 0, 0, 0, 0, 0, 0, 0, 1, 0, 0, 0, 1
"e:\01-Codes\HBuilderProjects\PawPrint Diaries\static\home.svg", "XML", 0, 0, 0, 0, 0, 0, 0, 0, 1, 0, 0, 0, 1
"e:\01-Codes\HBuilderProjects\PawPrint Diaries\static\love.svg", "XML", 0, 0, 0, 0, 0, 0, 0, 0, 1, 0, 0, 0, 1
"e:\01-Codes\HBuilderProjects\PawPrint Diaries\static\map.js", "JavaScript", 0, 0, 0, 0, 0, 0, 0, 0, 0, 0, 1, 1, 2
"e:\01-Codes\HBuilderProjects\PawPrint Diaries\static\messages-active.svg", "XML", 0, 0, 0, 0, 0, 0, 0, 0, 1, 0, 0, 0, 1
"e:\01-Codes\HBuilderProjects\PawPrint Diaries\static\messages.svg", "XML", 0, 0, 0, 0, 0, 0, 0, 0, 1, 0, 0, 0, 1
"e:\01-Codes\HBuilderProjects\PawPrint Diaries\static\mine-active.svg", "XML", 0, 0, 0, 0, 0, 0, 0, 0, 1, 0, 0, 0, 1
"e:\01-Codes\HBuilderProjects\PawPrint Diaries\static\mine.svg", "XML", 0, 0, 0, 0, 0, 0, 0, 0, 1, 0, 0, 0, 1
"e:\01-Codes\HBuilderProjects\PawPrint Diaries\static\paw-active.svg", "XML", 0, 0, 0, 0, 0, 0, 0, 0, 1, 0, 0, 0, 1
"e:\01-Codes\HBuilderProjects\PawPrint Diaries\static\paw.svg", "XML", 0, 0, 0, 0, 0, 0, 0, 0, 1, 0, 0, 0, 1
"e:\01-Codes\HBuilderProjects\PawPrint Diaries\static\pos12.svg", "XML", 0, 0, 0, 0, 0, 0, 0, 0, 1, 0, 0, 0, 1
"e:\01-Codes\HBuilderProjects\PawPrint Diaries\static\pos16.svg", "XML", 0, 0, 0, 0, 0, 0, 0, 0, 1, 0, 0, 0, 1
"e:\01-Codes\HBuilderProjects\PawPrint Diaries\static\redpoint12.svg", "XML", 0, 0, 0, 0, 0, 0, 0, 0, 1, 0, 0, 0, 1
"e:\01-Codes\HBuilderProjects\PawPrint Diaries\static\redpoint16.svg", "XML", 0, 0, 0, 0, 0, 0, 0, 0, 1, 0, 0, 0, 1
"e:\01-Codes\HBuilderProjects\PawPrint Diaries\static\redpoint32.svg", "XML", 0, 0, 0, 0, 0, 0, 0, 0, 1, 0, 0, 0, 1
"e:\01-Codes\HBuilderProjects\PawPrint Diaries\store\modules\app.ts", "TypeScript", 0, 334, 0, 0, 0, 0, 0, 0, 0, 0, 59, 31, 424
"e:\01-Codes\HBuilderProjects\PawPrint Diaries\tsconfig.json", "JSON with Comments", 0, 0, 0, 0, 0, 22, 0, 0, 0, 0, 0, 0, 22
"e:\01-Codes\HBuilderProjects\PawPrint Diaries\types\pinia.d.ts", "TypeScript", 0, 11, 0, 0, 0, 0, 0, 0, 0, 0, 0, 0, 11
"e:\01-Codes\HBuilderProjects\PawPrint Diaries\types\uni-app.d.ts", "TypeScript", 0, 5, 0, 0, 0, 0, 0, 0, 0, 0, 2, 1, 8
"e:\01-Codes\HBuilderProjects\PawPrint Diaries\types\vue.d.ts", "TypeScript", 0, 4, 0, 0, 0, 0, 0, 0, 0, 0, 0, 0, 4
"e:\01-Codes\HBuilderProjects\PawPrint Diaries\uni.scss", "SCSS", 0, 0, 0, 0, 37, 0, 0, 0, 0, 0, 25, 15, 77
"e:\01-Codes\HBuilderProjects\PawPrint Diaries\uni_modules\qiun-data-charts\changelog.md", "Markdown", 0, 0, 0, 0, 0, 0, 0, 314, 0, 0, 0, 7, 321
"e:\01-Codes\HBuilderProjects\PawPrint Diaries\uni_modules\qiun-data-charts\components\qiun-data-charts\qiun-data-charts.vue", "vue", 0, 0, 0, 0, 0, 0, 1574, 0, 0, 0, 30, 15, 1619
"e:\01-Codes\HBuilderProjects\PawPrint Diaries\uni_modules\qiun-data-charts\components\qiun-error\qiun-error.vue", "vue", 0, 0, 0, 0, 0, 0, 43, 0, 0, 0, 0, 4, 47
"e:\01-Codes\HBuilderProjects\PawPrint Diaries\uni_modules\qiun-data-charts\components\qiun-loading\loading1.vue", "vue", 0, 0, 0, 0, 0, 0, 147, 0, 0, 0, 0, 16, 163
"e:\01-Codes\HBuilderProjects\PawPrint Diaries\uni_modules\qiun-data-charts\components\qiun-loading\loading2.vue", "vue", 0, 0, 0, 0, 0, 0, 154, 0, 0, 0, 0, 17, 171
"e:\01-Codes\HBuilderProjects\PawPrint Diaries\uni_modules\qiun-data-charts\components\qiun-loading\loading3.vue", "vue", 0, 0, 0, 0, 0, 0, 159, 0, 0, 0, 0, 15, 174
"e:\01-Codes\HBuilderProjects\PawPrint Diaries\uni_modules\qiun-data-charts\components\qiun-loading\loading4.vue", "vue", 0, 0, 0, 0, 0, 0, 207, 0, 0, 0, 0, 16, 223
"e:\01-Codes\HBuilderProjects\PawPrint Diaries\uni_modules\qiun-data-charts\components\qiun-loading\loading5.vue", "vue", 0, 0, 0, 0, 0, 0, 216, 0, 0, 0, 0, 14, 230
"e:\01-Codes\HBuilderProjects\PawPrint Diaries\uni_modules\qiun-data-charts\components\qiun-loading\qiun-loading.vue", "vue", 0, 0, 0, 0, 0, 0, 32, 0, 0, 0, 0, 5, 37
"e:\01-Codes\HBuilderProjects\PawPrint Diaries\uni_modules\qiun-data-charts\js_sdk\u-charts\config-echarts.js", "JavaScript", 0, 0, 386, 0, 0, 0, 0, 0, 0, 0, 30, 6, 422
"e:\01-Codes\HBuilderProjects\PawPrint Diaries\uni_modules\qiun-data-charts\js_sdk\u-charts\config-ucharts.js", "JavaScript", 0, 0, 574, 0, 0, 0, 0, 0, 0, 0, 28, 4, 606
"e:\01-Codes\HBuilderProjects\PawPrint Diaries\uni_modules\qiun-data-charts\js_sdk\u-charts\readme.md", "Markdown", 0, 0, 0, 0, 0, 0, 0, 5, 0, 0, 0, 0, 5
"e:\01-Codes\HBuilderProjects\PawPrint Diaries\uni_modules\qiun-data-charts\js_sdk\u-charts\u-charts.js", "JavaScript", 0, 0, 7339, 0, 0, 0, 0, 0, 0, 0, 165, 202, 7706
"e:\01-Codes\HBuilderProjects\PawPrint Diaries\uni_modules\qiun-data-charts\js_sdk\u-charts\u-charts.min.js", "JavaScript", 0, 0, 1, 0, 0, 0, 0, 0, 0, 0, 17, 0, 18
"e:\01-Codes\HBuilderProjects\PawPrint Diaries\uni_modules\qiun-data-charts\license.md", "Markdown", 0, 0, 0, 0, 0, 0, 0, 169, 0, 0, 0, 33, 202
"e:\01-Codes\HBuilderProjects\PawPrint Diaries\uni_modules\qiun-data-charts\package.json", "JSON", 80, 0, 0, 0, 0, 0, 0, 0, 0, 0, 0, 0, 80
"e:\01-Codes\HBuilderProjects\PawPrint Diaries\uni_modules\qiun-data-charts\readme.md", "Markdown", 0, 0, 0, 0, 0, 0, 0, 52, 0, 0, 0, 32, 84
"e:\01-Codes\HBuilderProjects\PawPrint Diaries\uni_modules\qiun-data-charts\static\app-plus\echarts.min.js", "JavaScript", 0, 0, 1, 0, 0, 0, 0, 0, 0, 0, 19, 3, 23
"e:\01-Codes\HBuilderProjects\PawPrint Diaries\uni_modules\qiun-data-charts\static\h5\echarts.min.js", "JavaScript", 0, 0, 1, 0, 0, 0, 0, 0, 0, 0, 19, 3, 23
"e:\01-Codes\HBuilderProjects\PawPrint Diaries\uni_modules\uni-forms\changelog.md", "Markdown", 0, 0, 0, 0, 0, 0, 0, 98, 0, 0, 0, 1, 99
"e:\01-Codes\HBuilderProjects\PawPrint Diaries\uni_modules\uni-forms\components\uni-forms-item\uni-forms-item.vue", "vue", 0, 0, 0, 0, 0, 0, 578, 0, 0, 0, 4, 46, 628
"e:\01-Codes\HBuilderProjects\PawPrint Diaries\uni_modules\uni-forms\components\uni-forms\uni-forms.vue", "vue", 0, 0, 0, 0, 0, 0, 377, 0, 0, 0, 0, 23, 400
"e:\01-Codes\HBuilderProjects\PawPrint Diaries\uni_modules\uni-forms\components\uni-forms\utils.js", "JavaScript", 0, 0, 162, 0, 0, 0, 0, 0, 0, 0, 111, 21, 294
"e:\01-Codes\HBuilderProjects\PawPrint Diaries\uni_modules\uni-forms\components\uni-forms\validate.js", "JavaScript", 0, 0, 421, 0, 0, 0, 0, 0, 0, 0, 1, 65, 487
"e:\01-Codes\HBuilderProjects\PawPrint Diaries\uni_modules\uni-forms\package.json", "JSON", 89, 0, 0, 0, 0, 0, 0, 0, 0, 0, 0, 1, 90
"e:\01-Codes\HBuilderProjects\PawPrint Diaries\uni_modules\uni-forms\readme.md", "Markdown", 0, 0, 0, 0, 0, 0, 0, 12, 0, 0, 0, 11, 23
"e:\01-Codes\HBuilderProjects\PawPrint Diaries\uni_modules\uni-icons\changelog.md", "Markdown", 0, 0, 0, 0, 0, 0, 0, 42, 0, 0, 0, 1, 43
"e:\01-Codes\HBuilderProjects\PawPrint Diaries\uni_modules\uni-icons\components\uni-icons\uni-icons.vue", "vue", 0, 0, 0, 0, 0, 0, 99, 0, 0, 0, 4, 8, 111
"e:\01-Codes\HBuilderProjects\PawPrint Diaries\uni_modules\uni-icons\components\uni-icons\uniicons.css", "CSS", 0, 0, 0, 0, 0, 0, 0, 0, 0, 498, 0, 167, 665
"e:\01-Codes\HBuilderProjects\PawPrint Diaries\uni_modules\uni-icons\components\uni-icons\uniicons_file.ts", "TypeScript", 0, 658, 0, 0, 0, 0, 0, 0, 0, 0, 1, 6, 665
"e:\01-Codes\HBuilderProjects\PawPrint Diaries\uni_modules\uni-icons\components\uni-icons\uniicons_file_vue.js", "JavaScript", 0, 0, 646, 0, 0, 0, 0, 0, 0, 0, 1, 3, 650
"e:\01-Codes\HBuilderProjects\PawPrint Diaries\uni_modules\uni-icons\package.json", "JSON", 89, 0, 0, 0, 0, 0, 0, 0, 0, 0, 0, 1, 90
"e:\01-Codes\HBuilderProjects\PawPrint Diaries\uni_modules\uni-icons\readme.md", "Markdown", 0, 0, 0, 0, 0, 0, 0, 6, 0, 0, 0, 3, 9
"e:\01-Codes\HBuilderProjects\PawPrint Diaries\uni_modules\uni-popup\changelog.md", "Markdown", 0, 0, 0, 0, 0, 0, 0, 86, 0, 0, 0, 1, 87
"e:\01-Codes\HBuilderProjects\PawPrint Diaries\uni_modules\uni-popup\components\uni-popup-dialog\keypress.js", "JavaScript", 0, 0, 42, 0, 0, 0, 0, 0, 0, 0, 3, 1, 46
"e:\01-Codes\HBuilderProjects\PawPrint Diaries\uni_modules\uni-popup\components\uni-popup-dialog\uni-popup-dialog.vue", "vue", 0, 0, 0, 0, 0, 0, 295, 0, 0, 0, 0, 22, 317
"e:\01-Codes\HBuilderProjects\PawPrint Diaries\uni_modules\uni-popup\components\uni-popup-message\uni-popup-message.vue", "vue", 0, 0, 0, 0, 0, 0, 130, 0, 0, 0, 0, 14, 144
"e:\01-Codes\HBuilderProjects\PawPrint Diaries\uni_modules\uni-popup\components\uni-popup-share\uni-popup-share.vue", "vue", 0, 0, 0, 0, 0, 0, 176, 0, 0, 0, 0, 12, 188
"e:\01-Codes\HBuilderProjects\PawPrint Diaries\uni_modules\uni-popup\components\uni-popup\i18n\en.json", "JSON", 7, 0, 0, 0, 0, 0, 0, 0, 0, 0, 0, 1, 8
"e:\01-Codes\HBuilderProjects\PawPrint Diaries\uni_modules\uni-popup\components\uni-popup\i18n\index.js", "JavaScript", 0, 0, 8, 0, 0, 0, 0, 0, 0, 0, 0, 1, 9
"e:\01-Codes\HBuilderProjects\PawPrint Diaries\uni_modules\uni-popup\components\uni-popup\i18n\zh-Hans.json", "JSON", 7, 0, 0, 0, 0, 0, 0, 0, 0, 0, 0, 1, 8
"e:\01-Codes\HBuilderProjects\PawPrint Diaries\uni_modules\uni-popup\components\uni-popup\i18n\zh-Hant.json", "JSON", 7, 0, 0, 0, 0, 0, 0, 0, 0, 0, 0, 1, 8
"e:\01-Codes\HBuilderProjects\PawPrint Diaries\uni_modules\uni-popup\components\uni-popup\keypress.js", "JavaScript", 0, 0, 39, 0, 0, 0, 0, 0, 0, 0, 6, 1, 46
"e:\01-Codes\HBuilderProjects\PawPrint Diaries\uni_modules\uni-popup\components\uni-popup\popup.js", "JavaScript", 0, 0, 21, 0, 0, 0, 0, 0, 0, 0, 3, 3, 27
"e:\01-Codes\HBuilderProjects\PawPrint Diaries\uni_modules\uni-popup\components\uni-popup\uni-popup.vue", "vue", 0, 0, 0, 0, 0, 0, 493, 0, 0, 0, 2, 12, 507
"e:\01-Codes\HBuilderProjects\PawPrint Diaries\uni_modules\uni-popup\package.json", "JSON", 88, 0, 0, 0, 0, 0, 0, 0, 0, 0, 0, 1, 89
"e:\01-Codes\HBuilderProjects\PawPrint Diaries\uni_modules\uni-popup\readme.md", "Markdown", 0, 0, 0, 0, 0, 0, 0, 7, 0, 0, 0, 11, 18
"e:\01-Codes\HBuilderProjects\PawPrint Diaries\uni_modules\uni-scss\changelog.md", "Markdown", 0, 0, 0, 0, 0, 0, 0, 8, 0, 0, 0, 1, 9
"e:\01-Codes\HBuilderProjects\PawPrint Diaries\uni_modules\uni-scss\index.scss", "SCSS", 0, 0, 0, 0, 1, 0, 0, 0, 0, 0, 0, 1, 2
"e:\01-Codes\HBuilderProjects\PawPrint Diaries\uni_modules\uni-scss\package.json", "JSON", 82, 0, 0, 0, 0, 0, 0, 0, 0, 0, 0, 1, 83
"e:\01-Codes\HBuilderProjects\PawPrint Diaries\uni_modules\uni-scss\readme.md", "Markdown", 0, 0, 0, 0, 0, 0, 0, 3, 0, 0, 0, 1, 4
"e:\01-Codes\HBuilderProjects\PawPrint Diaries\uni_modules\uni-scss\styles\index.scss", "SCSS", 0, 0, 0, 0, 7, 0, 0, 0, 0, 0, 0, 1, 8
"e:\01-Codes\HBuilderProjects\PawPrint Diaries\uni_modules\uni-scss\styles\setting\_border.scss", "SCSS", 0, 0, 0, 0, 3, 0, 0, 0, 0, 0, 0, 0, 3
"e:\01-Codes\HBuilderProjects\PawPrint Diaries\uni_modules\uni-scss\styles\setting\_color.scss", "SCSS", 0, 0, 0, 0, 49, 0, 0, 0, 0, 0, 16, 2, 67
"e:\01-Codes\HBuilderProjects\PawPrint Diaries\uni_modules\uni-scss\styles\setting\_radius.scss", "SCSS", 0, 0, 0, 0, 52, 0, 0, 0, 0, 0, 1, 3, 56
"e:\01-Codes\HBuilderProjects\PawPrint Diaries\uni_modules\uni-scss\styles\setting\_space.scss", "SCSS", 0, 0, 0, 0, 54, 0, 0, 0, 0, 0, 0, 2, 56
"e:\01-Codes\HBuilderProjects\PawPrint Diaries\uni_modules\uni-scss\styles\setting\_styles.scss", "SCSS", 0, 0, 0, 0, 149, 0, 0, 0, 0, 0, 3, 16, 168
"e:\01-Codes\HBuilderProjects\PawPrint Diaries\uni_modules\uni-scss\styles\setting\_text.scss", "SCSS", 0, 0, 0, 0, 19, 0, 0, 0, 0, 0, 4, 2, 25
"e:\01-Codes\HBuilderProjects\PawPrint Diaries\uni_modules\uni-scss\styles\setting\_variables.scss", "SCSS", 0, 0, 0, 0, 103, 0, 0, 0, 0, 0, 29, 15, 147
"e:\01-Codes\HBuilderProjects\PawPrint Diaries\uni_modules\uni-scss\styles\tools\functions.scss", "SCSS", 0, 0, 0, 0, 17, 0, 0, 0, 0, 0, 1, 2, 20
"e:\01-Codes\HBuilderProjects\PawPrint Diaries\uni_modules\uni-scss\theme.scss", "SCSS", 0, 0, 0, 0, 19, 0, 0, 0, 0, 0, 11, 2, 32
"e:\01-Codes\HBuilderProjects\PawPrint Diaries\uni_modules\uni-scss\variables.scss", "SCSS", 0, 0, 0, 0, 37, 0, 0, 0, 0, 0, 13, 13, 63
"e:\01-Codes\HBuilderProjects\PawPrint Diaries\uni_modules\uni-transition\changelog.md", "Markdown", 0, 0, 0, 0, 0, 0, 0, 24, 0, 0, 0, 1, 25
"e:\01-Codes\HBuilderProjects\PawPrint Diaries\uni_modules\uni-transition\components\uni-transition\createAnimation.js", "JavaScript", 0, 0, 102, 0, 0, 0, 0, 0, 0, 0, 21, 9, 132
"e:\01-Codes\HBuilderProjects\PawPrint Diaries\uni_modules\uni-transition\components\uni-transition\uni-transition.vue", "vue", 0, 0, 0, 0, 0, 0, 278, 0, 0, 0, 4, 5, 287
"e:\01-Codes\HBuilderProjects\PawPrint Diaries\uni_modules\uni-transition\package.json", "JSON", 85, 0, 0, 0, 0, 0, 0, 0, 0, 0, 0, 0, 85
"e:\01-Codes\HBuilderProjects\PawPrint Diaries\uni_modules\uni-transition\readme.md", "Markdown", 0, 0, 0, 0, 0, 0, 0, 6, 0, 0, 0, 5, 11
"e:\01-Codes\HBuilderProjects\PawPrint Diaries\vite.config.js", "JavaScript", 0, 0, 55, 0, 0, 0, 0, 0, 0, 0, 1, 6, 62
"Total", "-", 12074, 1012, 10484, 19, 547, 22, 22274, 899, 18, 498, 1155, 3075, 52077